,data,target
0,turki mah gitu presiden nya hina ama presiden lebanon kena musibah eh turki duluan yg kirim bantu,h
1,maruf amin gantiin prabowo prabowo jkw turun trus prabowo jd presiden,h
2,pagi2 dah bahas politik ae nih bro lu tau kh ma ruf amin mundur wakil presiden naaah ntar prabowo yg gantiin,h
3,gadai ngga akun lelang langsung layan cabang kalo cek lelang,f
4,temenku yg beli akun lelang gadai kayak gin beli codan gitu kantor ga transaksi,h
5,kawan kuliah stan papar radikalisme gamblang,h
6,iyaaa gua suruh pkn stan tutup daftar 4 trs gua pen nyari poltek2 duluuuu gua gatau minat bakat gua anjir,h
7,pkn stan tutup 4 sampe 2024 ga percaya sampe denger langsung adek2 mahasiswa stan googling nyata iya moga,h
8,gara2 isu radikalisne kampus stan 4 kampus tutup terima mahasiswa rupa mahasiswa yg rajin shalat aji masjid anggap perintah embrio radikalisme bahaya aman negara,h
9,iya kemaren yg bilang tante orang tante stan tutup 4 udah deal udah capek nang mikirin,h
10,baca tl kalo stam ga buka karna pandem kalo yg 4 5 thn moratorium lulus daftar stan nya cmiiw,f
11,indra sjafri latih juventus head coach juventus,h
12,indra sjafri seret masuk bursa calon ganti maurizio sarri indonesia banding juventus sjafriball,f
13,pabrik petas yg ledak lebanon masuk serial the simpson ledak corona,h
14,ledak pabrik kembang api labuh beirut lebanon prediksi the simpson https co bm1pegljba,h
15,the simpson lebanon simpsons mesin,h
16,informasi kena the simpsons prediksi ledak beirut lebanon salah alias hoax,f
17,ledak film the simpson banget dgn lebanon dear arang film the simpson tolong film virus corona hilang muka bumi sapa tau ilang beneran,h
18,nyebarin edit kartun the simpsons ledak lebanon tolong stop nyebarin video ga sesuai fakta btw asli nya,f
19,edar peta dki jakarta hitam akibat covid 19 bin hoaks,f
20,hati dg masker gratis org yg kenal utama tmpat sepi krna jarang terjdi tindak jahat masker yg obat bius laku yg bs korban sadar,h
21,ati2 modus ngasi masker gratis kasi obat bius biar pingsan trus rampok,h
22,si kasi masker gratis masker kasi obat bius hipnotis motor bawa kabur hati2 indo mart wrg silah,h
23,orang yg sepeda motor masker gratis orang jl harap raya pekan masker pakai sadar masker obat bius sepeda motor bawa orang,h
24,hati hati waspada modus masker gratis yg sdh obat bius waspada lengah jahat intai,h
25,modus jahat laku bagiin masker gratis langsung suruh pake nyata masker udah kasih obat bius korban tidur laku langsung rampok harta korban modus sih kayak bagiin minum tumpang terminal stasiun musim mudik hati2 ya,h
26,tolong hipnotis masker ksh bius parno yg ksh masker gratis nyebarin berita tp jgn nyebarin hoax,f
27,oh ayolahh sekira blm bukti jgn giring opini coba search google byk portal2 berita ttg cek fakta masker gratis obat bius berita mengkonfimasi hoax jg berita 5 6hr yg blm 24jam oh lupa buka browser,f
28,imam ahmad bin hanbal milik ilmu filsafat untung ulama filsafat zindiq talbiis ibliis 1 75,h
29,rg rada gila dengerin haram imam syafii ilmu filsafat haram ajar rg rg kafir koplakklop,h
30,hukum ajar ilmu filsafat haram catat orang ajar milik luas dasar dasar ilmu agama akidah iman goyah,f
31,orang tua sebar hoaks,f
32,sebar hoax tangkap anak anak hidup orang tua masuk korban orang tua sebar hoax via whatsapp,f
33,hu um wkwkwkw sebar hoax orang tua wkwkwkw,f
34,kanada covid aman kendali ya enak bgt liat story nya orang yg kanada jalan2 tam ga pake masker foto2 bayi2 taman,h
35,fpi ga butuh skt fpi ga makan beling fpi ga kebal bacok fpi ga butuh 1 5 fpi cari ridho illahi alloh hu akbar tolak lupa,h
36,kiamat fpi benci ormas bayar yg bs latih kebal bacok pas praktek hidup takut jarum jangan2 fpi gabung imam al mahdi arti yg gabung imam al mahdi manusia2 pilih zaman wallaahu lam,h
37,negara hutang laku pinjam negeri katajokowi 31maret2020,h
38,bu sri mohon maaf sanggup tolong dengar masuk dri pakar independent kasihan indonesia,h
39,miris 5 pangkal militer negara komunis china nyata eks bangun indonesia 2015 lokasi natuna morowali kaltim 2 wilayah tahap bangun rahasia rezim jokowi tameng imperialis china,h
40,5 pangkal militer china indonesia bangun 2015 natuna morowali kaltim 3 pangkal militer china selesai bangun tahap finishing 85 senjata,h
41,loh pangkal militer laut natuna google earth rilis gambar pangkal militer china laut natuna utara,h
42,pabrik esemka kosong karyawan pecat drama,h
43,denger ktanya smua karyawan pabrik esemka kena corona mkanya pabrik libur,h
44,info laptop gratis perintah siswa,h
45,kemdikbud ri hallo program tipu ya laptop gratis siswa guru,h
46,orang aja bilang gak makan tempe,h
47,kalo presiden aja yg gaji lengkap fasilitas tau piye mundur aja deh,h
48,corona tembus 111 ribu jokowi https co lhlrqjhsyi jokowi angka mati covid 19 ri 0 8 persen global https co j37c9yszft klo presiden dgn lengkap alat negara sdm dana ajja ga tau mundur lbh hormat https co ecyrwrggkk,h
49,serba ndak jdi presiden eh dibatalin ma yaa mawas dgn kafasitas yg milik maksain,h
50,jrreenngg jrreenngg mandalika pesona dunia neo bal upaya pakdhe jokowi hadir negara pesona potensi lokal gerak ekonomi loka,h
51,ajang balap dunia motogp 2021 gelar mandalika lombok ntb klaim sbg sirkuit jalan raya dunia utk helat motogp,h
52,ledak mati guncang kota beirut lebanon lihat tayang tayang video awan hitam pekat limut labuh lalap api bangun bangun hancur tanah rupa buah ledak bom nuklir lebanon,h
53,detik ledak lebanon bom nuklir gaes link ledakanlebanon ledakanbeirut prayforlebanon,h
54,pagi pagi suguh video ledak lebanon ledak rem banget dah kayak bom nuklir,h
55,ngeri lebanon vidnya efek ledak kyk bom nuklir hiroshima nagasaki,h
56,dokter amerika suara lawan who pakai astronot masker,h
57,ngaku presiden dgn negara populasi islam dunia suara jokowi dengar kutuk cina ya nama turun komunis bela komunis untung gw anggap jokowi presiden gw sorry yg paham,h
58,bgi yg anak putra putri awasin yg suka maen hp anak hbis oprasi otak gara kna rdiasi sinar hp mhon ya sampe skrg anakya blm sadar aamiinkan jenak moga anak,h
59,hasil yg olh oknum utk amandemen uud 1945 china leluasa negara republik indonesia kait tka china rakyat tindak bahu utk problem masyarakat kendari adlh problem rakyat indonesia,h
60,https co qolnp7rl7o berita kendari panas tolak tka china,h
61,video bagus dokumentaai yg kelak merdeka daulat juang tolak rakyat hadap ekspansi china yg bungkus kirim tka sejarah tulis rakyat kendari patriot sejati,h
62,berita 105 tka china pd 1 juli 2020 2 agustus 2020 sdh 105 tka china bandara kendari polisi bubar demonstran,h
63,kendari ya masuk nya tka china dsna,h
64,sampe sentimen luas aksi kendari demo tolak 500 tka china demonstran berani laku sweeping ngeri,h
65,maksud sembelih hewan qurban mending uang bayar hutang negara,h
66,wapres idul adha makna sembelih qurban,h
67,mksd yai ga potong domba sapi beliin sembako aja gitu yai qurban sapi ga beli sembako sembako aja,h
68,fatal kalo temu bukti lolos uji klinis lepas ribut gelar harap derita covid hukum orang yg temu obat miris kalo hukum indonesia fokus produk,h
69,ghibran debat ama om rocky awas tanda dunia udah kejam batu coba ghibran rumah cermin ngga,h
70,debat klo martabak sang pisang gue pastiin rocky gerung ko,h
71,tp klo politik mending malu2in tolak pinggang teriak merdeka merdeka merdeka terimakasih,h
72,yg gw bingung materi debat visi misi jd cawalkot dinasti politik,h
73,wooii abu janda kabur ya gede luh fulus ridwan kamil ajak abu janda rawan uji vaksin corona fakta,h
74,bang ridwankamil lupa sohib abu janda dennysiregar7 eko kuntadhi jajar thank,h
75,tolong om putin kirim rudal gedung dpr istana tp bsok ya pas rapat jngn skrng lg saudara saudara yg demo,h
76,telpon putin aja kabul doa dr anak yg putin kirim rudal gedung dpr,h
77,dukung dukung sen korut buang2 rudal kirim aja gedung dpr wahyuaasih https co soabijemrc,h
78,jokowi 3 periode dukung bpk maju bangsa indonesia tanpabeban,h
79,bagus 3 periode gw dukung,h
80,kagok 3 periode mati we,h
81,gpp wakil nye yg nekat brani tempur yg gx libat partai atu dlm kabinet yg kait lembaga negara pdip no way atu lg si kaesang tri investasi hrs bujang gx kawin,h
82,ckp 2 periode andai pilih lg 3 tdk pilih lg sesal tdk kuatir stlh tampa beban periode santai kerja tokoh nasional yg muncul ganti jokowi visi misi jokowi yg blm tuntas,h
83,panoramakulonprogo monggo usaha mikro isi data link https co j9xkt8layk tunggu sore bingung dm dinaskoperasiukmkp,h
84,data data usul calon terima bantu usaha mikro pbum moga bantu realisasi laku usaha mikro kondisi sulit laku usaha mikro,h
85,pastikn account selamat terbaikla mark zuckerberg ketua pegawai eksekutif facebook cipta gratula akaun facebook dlm selamat taip gratula komen,h
86,im4bn mark zuckerberg ketua pegawai eksekutif facebook cipta gratula akaun selamat taip gratula komen merah akaun selamat tukar warna merah sila,h
87,china monyet test lab nya mahal indonesia uji coba nya manusia gratis,h
88,coba monyet gantiin monyet2,h
89,cebonger hubung china monyet uji coba vaksin perintah china perintah ri uji coba gratis krena cebong militan garda perintah manfaat klo yg rawan,h
90,laboratorium china monyet uji coba vaksin corona dhe ngotot laku vaksinasi corona masyarakat arti vaksin corona uji klinis anggap ah,h
91,kampus bandung seru zaman sy bocah isiin kotak sabun hand body bandung laut asmara kampus sekte puja setan madep kieu bdg aing,h
92,demo neo pki udah ijin buntel kentut maaf ralat petinggi polisi tinggal tunggu genderang perang tabuh aja,h
93,rocky gerung foto rizieq shihab bakar settingan intelijen alih isu gibran maju pilkada mmmmm out of the blue demo khilafah isu keras khawatir lahir neo pki emang kes aneh,h
94,yg suruh demo orng soleh org tsb neo pki yg sesat group bohong,h
95,gak prabowo ganti ma ruf proksinya kuat tenaga jaga ma ruf kursi wapres kalo ma ruf lengser kans putra mahkota 2024 ancam kalo sampe jatuh tangan prabowo yg musuh rival jantung ki lurah,h
96,presiden prancis emmanuel macron kemarin larang sekolah turki prancis merespon jam presiden turki erdogan perintah tutup sekolah prancis turki 70 sekolah,h
97,ajar izzah turki presiden perancis larang sekolah turki negara erdogan balas,h
98,1 pimpin presiden prancis emmanuel macron kemarin larang sekolah turki prancis merespon jam presiden turki erdogan perintah tutup sekolah prancis turki,h
99,emang 2024 pilpres yaa jokowi ken presiden umur hidup karno beda karno malu jokowi malu bayangin 2 periode kuasa kerja antem rakyat,h
100,fresh graduate sulit cari kerja tka china lenggang masuk indonesia pandemi hebat presiden menteri negara awak hidup jokowi presiden umur hidup,h
101,keppres jokowi presiden umur hidup wkwkwkwk,h
102,tuju hemat angkat jokowi presiden umur hidup ganti gibran,h
103,cilacap 8 camat kabupaten luas jawa inventaris buah pesawat terbang operasional moga camat republik indonesia,h
104,camat inventaris pesawat terbang guyon keren jabat era new normal,h
105,hati hati wanita haid sharing wanita wanita haid kali laku 4 1 minum ais air karbonat kelapa rana darah haid sisa dinding rahim laku kanser rahim,h
106,tutup facebook twitterid pakai ajang benci tindak kait,h
107,tutup aja cepat ga ancam2,h
108,facebook tutup indonesia rakyat kuat tdk pilih jokowi pilpres jokowi budimandjatmiko ratnaspaet,h
109,transfer of technology alibi zaman 2014 sampe skrg sektor transfer of technology dr china skrg rakyat kelinci coba vaksin dr china jabat dlu lead by example,h
110,ngotot vaksin china ya uji klinis biofarma produk sinovac china vaksin negeri maksa monyet coba kah,h
111,uji coba vaksin 19 negara china komunis yg lahan uji coba kelinci coba indonesia negara china yg laku negara perintah pusat jgn bodoh rakyat indonesia korban china komunis,h
112,vaksin china uji coba indonesia ri kelinci coba hasil kaya china gagal modar rakyat ri hasil numpang beken jokowi gagal ngga salah bilang nama uji coba dah watak,h
113,obyek coba mas uji klinis fase terahir china uji coba trhadap manusia pasuk fase terahir sebar mkanya beli indonesia uji coba fase terahir uji coba efek samping,f
114,hagia sophia fungsi nya edorgan ngamuk israel ubah masjid sejarah bar ruang acara nikah diam islam munafik,h
115,israel ubah masjid al ahmar bar astgfirullahhhh berilh israel azab langsung,h
116,laknatullah israel israel ubah puluh masjid palestina bar sinagoga hancur,h
117,tani malili sulsel polisi karna lahan mreka tdk beli pt sindoka biadab https co s6z07mdkkh,h
118,jokowi do2 tani malili sulsel tahan lahan asai pt sindoka,h
119,tani malili sulsel yg oknum krn tahan lahan cc budimandjatmiko http co rcdya4tpkd,h
120,bintang zodiac ubah nih nasa rasi bintang hadir rasi bintang 12 13 zodiak ubah,h
121,dengar booming banget zodiak nasa lihat gerak bumi geser zodiak nya 13,h
122,zodiak ubah nasa luncur zodiak sumbu bumi geser ahli astronomi zodiak 13 zodiak,h
123,nope berita sempet viral 2011 2016 udah ban astrologer ophiuchus masuk dalem constellation zodiac beda 12 zodiak constellation zodiac gak dipake,f
124,zodiak opiuchus 29 november 17 desember teliti nasa v,h
125,nasa konfirmasi via newscientist nggak nasa zodiak yg beda nasa gambar langit sesuai ilmu sdgnkn zodiak ilmiah nasa klaim rasi bintang zodiak,f
126,makan durian minum soda bunuh jgn tiru woy sungguh,h
127,life lesson this weeks makan durian minum soda hasil benar2 sakaratul maut ps minggu sembuh makan sambal hasil kambuh meriang,h
128,minum minum soda konsumsi durian lantas orang langsung tinggal ilmiah hubung makan durian minum soda tinggal,f
129,gaji guru imbal surga gitu gaji menteri jabat imbal neraka gimana tuju,h
130,ga ngasih tau guru2 maklum kasih aja contoh kaya raya gaji sbg jabat ngga sumbang utk sejahtera guru harta yg sdh limpah bs ngga sumbang utk mrk jg hidup sderhana sprti mrk,h
131,kalo guru imbal surga kalo tanoto sampoerna 20 cingcaelah hebat,h
132,goblok wapres rektur bumn gaji guru honor yg mencedaskan hidup bansa gaji 300 ribu manusia adil sosial nya wajar pancasila cc bangsaygsujud,h
133,kalo pks gerindra gabung pks gerindra yg liat teliti lipi gelagat petinggi pks yg rapat jokowi kalo getindra yg calonin presiden ga pt,h
134,yg ga paham emg langsung nyolot dok gin ya pks serang sm org dalem pake isu petinggi pks rapat jokowi bukti foto msi sdg silatrhmi gagal kudeta pake isu bikin gelora skrg jg ga konsisten khan isu yg,h
135,tilawah sultan erdogan shalat jum at perdana 86 masjid hagia shopia,h
136,heboh klepon haram muncul indomie b2 pt indofood ban jual makan non halal rentet rentet olah by design uji sabar umat islam,h
137,indomie saksang babi nder,h
138,gaduh kue klepon islami susul gaduh picu masyarakat edar foto indomie saksang babi khas sumatera utara senin malam 20 7 2020,f
139,dear indomie trima kasih tlah mnciptakan varian indomie saksang babi klian yg cangkeman babi haram babi haram ngak beli kntol,h
140,ahli virologi china kabur amerika virus corona laboratorium militer,h
141,takut bunuh ahli virus china kabur as saksi covid 19 hasil sekongkol jahat,h
142,thermo gun rusak otak berita langsung heboh masy viralnya video bincang pakar kuis helmy yahya dgn pakar ekonomi ichsanuddin noor medsos krn hand gun termometer utk periksa kabel panas laser pakai utk periksa,h
143,rs pas nunggu antri curi dengar bapak2 lg tlp blg jgn ukur termometer kepala tangan aja rusak jaring otak hmm oke korban grup wa bapak2,h
144,kerja thermo gun pantul gelombang inframerah tubuh thermo gun dahi lulus uji aman khawatir,f
145,mama wa an sm temennya dikasitau jgn termometer gun karna rusak organ kepala otak,h
146,informasi bilang termometer tembak rusak jaring otak hoax thermo gun aman akurat laku skrining gejala demam akibat covid 19,f
147,coba tu pasu seragam polisi ajak ngomong pake bahasa indonesia orang china,h
148,hapus peta daring palestina kecam google apple google apple dengar kritik kecam masyarakat internasional krn hapus dg fakta eksistensi palestina yg pbb dll legalisasi hasil teror israel,h
149,biadab palestina resmi hapus google maps hapus palestina berita hapus cari,h
150,peta palestina hapus google map 1 pbb diam aja 2 oki responnya 3 negri mayoritas muslim protes dunia sdg,h
151,haghia sophia ubah jd mesjid kmbali protes skrng palestina hapus dr google maps dignti jd israel diem ironis nya bnyak muslim yg diam tp protes erdogan ubah status haghia sophia jd mesjid dsr kaum licik munafuck,h
152,orang sibuk main tik tok aplikasi yg lupa palestina hapus google maps,h
153,savepalestine google maps palestina udah hapus but you can delete history of muslim in palestine palestine hati muslim,h
154,model seragam asn khilafah,h
155,asn pecat hormat bos tjahjo kumolo konpres trus,h
156,mesti kalo ga atur ya selesai jgn biar benih benih pecah cegah yg sedia asn tahan yng ngeyel2 gitu tito kemendagri piye iki,h
157,nyata kadal terima asn bentuk seragam dinas langgar atur sesuai selera pimpin gubris budaya kadrun susup asn,h
158,wow nyata pasta gigi deteksi hamil lho,h
159,orang dukung fanatik jokowi tinggal dunia jalan 15 km kontra desa giriroto tuju kantor lurah konfirmasi alm protes catat sbg warga miskin tdk dana blt,h
160,kah percaya ngalihin isu kadang pakai anjing kadang pakai tikus kadang pakai kucing garong kadang pakai ayam2an bin bantah undang hana hanifah goyang tiktok https co ihslhrgyc3 rezimlippoprokomunis,h
161,emg logo gitu jual bebas ya bs pasang sembarang logo institusi negara gk bs pasang sembarang klo jual bebas beli dmn ya pasang pintu rumah we biar kliatan keren,h
162,jual product ragu masuk instansi perintah nech jual kerang sdh bebas masuk bin,h
163,usut usut klub tembak velox et exactus shooting klub kerja bin juara tembak international practical shooting confederation ipsc level ii nggak heran logo bin klub,f
164,surat kabar pesindo organisasi pki semboyan kerjakerjakerja eh bekerdja bekerdja bekerdja 1953 pki islam agen agama arab islamophobia lawanpki,h
165,taon 1953 pki islam agen agama arab surat kabar pesindo organ pki semboyan bekerdja bekerdja kerja semuah terjadih inih rezim inih,h
166,gua vs si tito karnavian bangsat china komunis antek aseng dll,h
167,hmm krn polri sdh milik cukong gerak nih catat sejarah negeri polisi kacung komunis china era tito karnavian,h
168,gatot lirik jokowi isi kabinet 2019 kemarin jokowi tarik tito karnavian mendagri kerih sosok kelas gn pok shanghai lbp yg mitra komunis china taipan,h
169,komunis tito karnavian layak ampun,h
170,jokowi presiden kelam dlm sejarah bangsa indonesia jim rohn motivator dunia bunyi narasi gambar unggah akun finbatantiarifin facebook,h
171,isu komunis yg brulah kadrun abal2 knpa pa jokowi dg perintah dg dpr ri yg slah bubar ma pa 212 dg fpi ormas islam bkin demo brjlid2 dinkri atur perintah org brdagang aja diobrak abrik dagang jdi pngacau nkri krjanya knpagkdibubarkancoba,h
172,bubar fpi antek hti penjara p212 wajah kadrun presiden bikin rusuh negara,h
173,kb tingkat risiko kista ovarium kb hormonal kb suntik turun risiko kista ovarium please informasi medis dokter ya facebook,f
174,rem yaaaaa sangka hamil nyata kista efek pil suntik kb haid atur,h
175,mmg tdk menstruasi tp kalo bikin kista ga,f
176,ahoker aja ga percaya oposisi jurus pepet nadi bungkus krg,h
177,tvonenews menujuistana rois aam dah banget tuh agama moral knp dioengaruhi buni yani yah iku jerumus ahok penjara buni yani sesal krn suruh dg niat jahat,h
178,ahok jatuh coba buni yani yg kbrnya sali perbuatanya mendzolimi ahok,h
179,skrng buni yani sesal tp sesal telat krn tdk yg tolong sblm nya knp tdk pikir akibat,h
180,buni yani telantar orang yg suruh edit video mohon maaf kpd masyarakat perilaku yg salah ahok sel 2 sulit maaf buni yani,h
181,doa assyeikh suda imam masjidil haram makkah al mukarromah hadap musibah virus corona landa umat mari aamiin doa,h
182,doa assyeikh suda imam masjidil haram makkah hadap musibah virus corona landa umat inshaallah lindung allah swt mari aamiin doa,h
183,mari aamiinkan doa assyeikh imam masjidil haram makkah hadap musibah corona yg timpa umat,h
184,mobil ri 2 milik wakil presiden ma ruf amin habis bensin isi bahan bakar minyak bbm ecer pinggir jalan sukabumi jawa barat rabu 8 7 tp mobil cadang wapres wapres gimana tuh sopir,h
185,kait edar video mobil vvip ri 2 isi bensin dr jeriken pinggir jalan sbb 1 isi bbm jeriken laku krn tdk spbu yg milik bahan bakar minyak bbm sesuai kriteria mobil vvip mobil habis bbm,f
186,innalillahi wainnailaihi rojiun didik agama islam bahasa arab hapus dr kurikulum sekolah madrasah menteri agama impor dr china moga rezim laknat,h
187,muncul surat edar kemenag poin ajar pai didik agama islam madrasah hapus screenshot dijadiin status whatsapp 1 orang imbuh caption negara bener bener tanda kiamat dsb,f
188,kl mmg perintah utk tiada ajar didik agama islam bahasa arab madrasah ibtidaiyah tsanawiyah aliyah aja bubar sekolah indonesia menteri agama ngga sih,h
189,hadeh madrasah ngga didik agama islam bahasa arab beda kurikulum,h
190,jaga kejut terima madrasah pai bahasa arab tiada colong hip dll,h
191,tugas satpol pp kota makassar pakai sepeda merk brompton explore inggris jual kisar harga sentuh angka rp 100 juta arti sejahtera tugas satpol pp makassar,h
192,gak kalo butuh patwal aja pake motor harley bmw gak sesuai butuh pake motor bebek,h
193,negara resesi negara ngga kasih bansos suruh new normal satpol pp pake sepeda brompton 100jutaan orang only in negara 62 prioritas gaje,h
194,satpol pp makassar pakai brompton,h
195,bu risma tetiba nang sujud idi surabaya gejala depresi cemas cemas dibully psikologis neurologis hormon bu risma jalan jalan kota utk rekreasi,h
196,wkwkw kalo baca berita baik2 sujud risma tuh krn ngaku gagal sujud mohon idi biar gunain rs soepomoe anak amer udah rangkap jd buzzer anti risma gimana,h
197,bingung baca berita coba lurus virus moga sasar lapor pasien cina yg didiagnosa severe fever with thrombocytopenia syndrome sfts yg sfts virus sftsv 1 3,f
198,virus sfts virus cina isolasi patogen virus 2011 masuk kategori virus bunya ahli virologi percaya virus tular manusia kutu virus tular manusia,f
199,sempat2nya nyebarin info rokok usir corona polusi udara hirup rentan orang infeksi virus gw kasih info musti teliti tembakau zat sesquiterpene potensial lawan,f
200,sbb bahaya rokok tulis mudah serang virus tangkap virus ajarkobloksik,h
201,cinta mata turun hati mmg iya skrg tatap tatap nak virus corona lho yah dahsyat virus corona tular mata guess jaga pandang mata,h
202,8 yg suka lirik cewek cowok keren tatap mata jalan dlm kereta bus ngga kuatir corona tular tatap mata semangatindonesia,f
203,catat yaa do sungguh corona tular tatap mata besok udah tatap an mata yaa sekian pacar,f
204,salah hoax coronaindonesia sebar virus corona mati suhu 26 27 derajat jemur matahari kilas ga risiko nyata temu kabar unik,f
205,ahli virologi virus mati hembus uap air bayclin cuka asap bakar tembakau ruang tutup hembus uap air bayclin 4 1 mati ac shg suhu ruang lbh 26 derajat celcius mk virus mati masuk corona desa2 asap bakar tembakau,h
206,kawan kawan bekas kota hindar pusat ramai ya inisiatif pribadi masyarakat rentan teliti spesifik virus corona mati suhu 26 27 derajat celsius,h
207,perintah gak sengaja pakai dana calon jemaah haji si mbah gak sengaja gak dosa tua bangka sarap,h
208,perintah jokowi kena amnesia wapres perintah sengaja pakai dana haji,h
209,hoax jokowi pakai rp38 5 triliun dana haji kepala bp bpkh anggito abimanyu nyata dana jemaah haji kelola profesional syariah likuid,f
210,pakai kuat rupiah haji taun klau ambil butuh proses kisar 2minguan lbh bgtu dana haji ttp aman gk lembaga perintah yg kait kompeten elo dana tsb no prob,f
211,arti haji tunda saudi tp perintah indo manfaatin moment covid pakai dana haji,h
212,viral penyalahgunaan tisu basah ganti masker moga hapus ya gantung posting cc waktuin detikcom,f
213,laku yg saran video ingredients ga compatible masker hirup it hazardous for inhalation antiseptic wipes masker delete your video now,f
214,tahan ikut2an sebar informasi yg ujung misinformasi disinformasi contoh tisu basah ganti masker dll sangking terbukanyaa informasi internet bnyak informasi ujung hoax jngn ikut2an sebar panik ya,f
215,tisu basah alternatif masker darurat,h
216,tenang tisu basah masker ko mba,h
217,wag temu mayat skolah smp 6 cirebon perempuan siswi smpn 6 kls 7 yg korban polisi korban ambil ginjal kubur si bunuh,h
218,hoax smpn 6 kota tasikmalaya organ tubuh utuh gk organ tubuh yg hilang,f
219,partikel emas tembus kulit masuk buluh darah yg prosentase sakit,h
220,partikel emas hias tembus kulit bayi sih istilah migrasi emas peristiwa partikel emas kulit bayi timbul mual sakit,h
221,bocor data tokopedia kabar buruk data sebar unduh gratis,f
222,bocor data tokopedia mei kemarin skrg 1 aman data tokopedia payah kuat paska bocor mei 2 rezim lindung data pribadi yg kuat indonesia,f
223,sebenernya agama ortodok agama agama yg tiru agama islam,f
224,keri agama tiru islam baca lihat video,h
225,tl yg bilang kristen ortodox syria agama yg tiru islam duh coba baca sejarah lihat bego,f
226,takut tengok video agama yg tiru islam ya allah agama kristian ortodok dr syria,h
227,pantesaaaan kota tembilahan kmrin slalu puanaaaaaas nyata lgi mo badai equinox,h
228,bantah isu badai panas fenomena equinox bmkg suhu indonesia normal,f
229,bmkg isu badai panas equinox hoa,f
230,badai equinox broadcast wag panas banget si engga keringetan mulu sih,h
231,gin percaya hoaks vaksin autis hellowww aja sih 2015 kemenkes klarifikasi bhw thimerosal vaksin hubung dg timbul autisme,f
232,vaksin mmr autisme bukti tanda2 autis lihat usia 2 3 th jadwal anak sunti mmr vaksin kait jd kambing hitam autisme,f
233,inti vaksin autis anak ya hehe,f
234,copas dr tetangga assalamualaikum wr wb utk vaksin autis,h
235,guru impor hellowww sarjana didik msh yg nganggur btw pleasee jgn impor,h
236,salahin jan ethes pakek barang impor pakai barang impor nge tweet pakek hp impor serba impor bawang gula garam beras guru impor wacana do impor president janethessukabarangimpor,h
237,impor arti guru masif negeri ajar indonesia latih instruktur negeri latih guru guru indonesia khusus jenjang smk balai latih kerja blk,f
238,khusus guru smk produktif instruktur negeri lemah dasar guru produktif kompetensi teknis latih mengases kompetensi,f
239,guru negeri percaya guru negeri kemenristekdikti rencana rektor asing,h
240,beras gula garam komoditi asli indonesia impor pyan maharani impor guru asing guruguru expor ya perintah lsm abalabal,h
241,tanda2 hegemoni riba hancur kemarin bukopin gagal bayar deposito nasabah blm bca berita ga kalah ngeri phk bca teller cs hilang indonesia,h
242,sanggah 1 hoax tes sederhana kenal virus corona puluh detik,f
243,tes sederhana kenal virus corona puluh detik urus dokter laboratorium,h
244,tes sederhana kenal corona puluh detik dark dokter jepang ambil napas tahan napas 10 detik hasil napas batuk nyaman lelah kaku dada bukti fibrosis paru paru ygmenunjukkan virus,h
245,prof masjid tolikara papua bakar bakar undang jamu istana laku tdk stigma sbg laku yg radikal tp korelasi dgn umat islam aktivis dakwah sifat arab spt beda,h
246,masjid bakar papua laku undang istana pas musibah papua partai yg kerja yap partai islam gak nge jil kalo mo jd rahmat lil alamin mo konser 18m pake alas bangsa,h
247,politis partai solidaritas indonesia dedek prayudi uki hati hati sikap edar hoaks kait masjid bakar papua,f
248,baca yg mas diskusi serap informasi info nih tolikara papua masjid bakar krn provokasi petinggi organisasi yg taung warga yg provokasi bakar masjid yg undang istana urus masjid yg bakar,h
249,29 januari 2019 bakar masjid agung belopa luwu lurah senga camat belopa kabupaten luwu sulawesi selatan bakar 10 55 wita kerja laku renovasi plafon masjid stop hoaks provokasi,f
250,ya sahabat hati2 minum air mineral yg kandung besi yg aman 4 1 afidis 2 cleo 3 equil 4 fiji wallahu lam,h
251,ma af industri amdk yg udah bersetifikat sni bpom atur kandung fisika kimia biologi katagori air mineral elektrolisasi gumpal kotor air deminerql sulit gumpal kotor unsur mineral hilang,f
252,air mineral nyata kandung besi,h
253,oh video yg viral grup wa keluarga gue fyi nama air mineral mineral tubuh butuh mineral ganti ion ion tubuh hilang beraktifitas coba pake spektrofotometri biar tau masing2 kadar mineral jgn kyk gin,f
254,matahari kembar batas as kanada bumi ubah poros fenomena lunar hunter matahari terbit pd yg pantul sinar mentari dg kuat,h
255,matahari muncul batas amerika serikat kanada matahari asli fenomena lunar hunter bumi ubah poros matahari lahir,h
256,subhanalloh indah cipta nya fenomena lunar hunter bumi ubah poros matahari lahir pantul sinar matahari intensitas kuat,h
257,simak video kisah orang remaja kena tiktok syndrome main tiktok senang senang aneh kontrol tubuh,h
258,kemaren sempet viral ya remaja tiktok syndrome fyi komedi ngga beneran syndrome ya,f
259,tka china terima sogo pecat kapten ruslan buton akal sehat dasar penghianat bangsatbangsa bukti kuasa hukum ruslan angkat bicara pecat tni tolak tka china masuk malu,h
260,arti brita tni antek china malu tuk bangun pltu hmpir resap tka china plhn rb loh,h
261,klaim yg ruslan buton pecat tni krn tolak tka china masuk malu nyata,f
262,lo tuh ikan bal mati pinggir pantai bnpb indonesia,h
263,ayo berhati2 teiliti unggah medsos lumayan platnya plat indonesia bahasa bahasa indonesia,f
264,ibadah haji 2020 batal laksana perintah arab saudi buka akses nyata kali peristiwa yg ibadah haji laksana yg teriak salah perintah monggo baca biar gk ambyar,f
265,minum sampe keselek baca main rezim panik wekekek duhhh tuhan klean nge prank batal berangkat ibadah haji 2020 cekik serentak malaikat cabut nyawa,h
266,new normal haji batal nyata modus asas manfaat,h
267,walikota surabaya pingsan pimpin rapat dgn komite sekolah smp bupati luwu utara sulsel jatuh motor trail nya bansos cantik nya bupati luwu utara banding walkot surabaya ya,h
268,elo ga konsisten drun nolak asas tunggal pancasila gerombol elo preeetss,h
269,alenia yg hnurwahid benalu bangsa,f
270,tuju pks asas pancasila pks tolak dasar pancasila layak pks bubar,h
271,dibuatin patung lilin lho madame tussauds hongkong anies bilang beliau senyum bibir,h
272,patung lilin anies basw edaaan dijadiin ogoh ogoh jejer patung sandiag ooounoooh,h
273,dunia anies anies patung lilin,h
274,pakai masker tdk hipoksia hiperkapnia hoax yg sesat aduh juni perang lawan hoax masker karakter pori masker kain pori shgg napas normal so gak ujug2 hipoksia ngaco,f
275,sehat masker leluasa hirup udara segar masker hipoksia,h
276,tau ya masker kain bukti oksigen hipoksia yuk disiplin pakai masker cuci masker rutin ya,f
277,adminnya baca butuh cerah abis googling dapet 2 berita,f
278,erupsi yg rapi curah hujan rapi berkah krn rupa desinfectan alami alam hujan asam manfaat desinfectan lawan corona covid19 krn asam rusak lapis prootein virus,h
279,teknis abu rapi wilayah kab magelang salam muntilan mungkid hilang virus corona warga malas rumah panas abu vulkanik gusti alloh obat mujarab,h
280,banget logika abu vulkanik desinfektan alami virus corona hancur desinfektan,h
281,fadlizon mas aniesbaswedan duta germo cek fakta dki buka panti pijat fadli zon bilang anies duta ge fakta,h
282,anies buka dikotik panti pijat bilang duta germo ya wajar sih ndak bilang tega tega suplai dana segar partai usung dana cepat ya buka panti pijat diskotik alas klise pad daerah korupsi,h
283,cerita keponakan yg tunggu kakek jahrani keluarga tinggal tinggal kakek jahrani rangkak rumah mulut kapuk kalo makan kapuk,f
284,2 oke kakek jahrani isu asupan makan makan kapuk bantal bener nggak sih gimanasi respon tindak laku perintah,f
285,guys tolong rt thread ga kakek makan kapuk minat reply dm taro tweetnya takut langgar butuh dirt terimakasih,h
286,main kah lihat pola main kek kemarin rame fb kakek serang jahrani nama makan kapuk bantal bosss ga makan kasi bantu perintah,h
287,jam 9 pagi kemarin jembatan wuhan wuchang heping avenue runtuh korban,h
288,rakyat indonesia lawan tumbang rezim tangkap partai dukung merdeka,h
289,presiden jokowi layak utk makzul jgn masyarakat turun jalan tumbang angkuh rezim hindar kacau nasional korban dgn undur,h
290,kamis 4 juni 2020 presiden jokowi enggunakan kaos kaki sepatu tinjau masjid baiturrahim komplek istana presiden jakarta,f
291,presiden tinjau kesiap normal masjid istiqlal jakarta klaim kelompok fitnah presiden masuk masjid pakai sepatu fakta presiden masuk masjid kaus kaki warna putih sepatu,f
292,fadli zon sanding gambar ikan buntal gambar rupa tangkap layar berita buah media judul pesan fadli zon sby kena bully masak bilang ikan buntal,h
293,fadli zon curhat sby ikan buntal baper man teman salam indonesia,h
294,bilang nyata helm yahya pecat diruttvri september kmrn siar film g30s pki gitu tu ya,h
295,helm yahya pecat tvri gara tayang liga inggris yg jati bangsa,f
296,geoge floyd pemuda kulit hitam tewas tembak polisi amerika polisi bantah rekam cctv edar sontak amerika rusuh plnet yours mesti tangkap yg men share video cctv nya ya,h
297,tewas krn tembak tp gara2 leher tekan pake lutut ga bs nafas tinggal,f
298,tengku zul sok2an komentar mati george floyd warga kulit hitam yg tewas bunuh polisi minneapolis usa zul floyd tewas tembak fakta floyd tewas krn leher tekan lutut polisi napas,f
299,siang temu diberitahu tetangga ruslan buton bau bau bhw la gode bunuh tani preman halmahera yg resah masyarakat bunuh ketka serang asrama tni ruslan buton dkk apresiasi warga,h
